{
  "id": "1523013",
  "name": "no name",
  "font_family": "iconfont",
  "css_prefix_text": "icon-",
  "description": "",
  "glyphs": [
    {
      "icon_id": "1652146",
      "name": "发送表格",
      "font_class": "fasongbiaoge",
      "unicode": "e617",
      "unicode_decimal": 58903
    },
    {
      "icon_id": "2568877",
      "name": "榜单",
      "font_class": "bangdan",
      "unicode": "e60a",
      "unicode_decimal": 58890
    },
    {
      "icon_id": "3148692",
      "name": "完结",
      "font_class": "wanjie",
      "unicode": "e606",
      "unicode_decimal": 58886
    },
    {
      "icon_id": "5387650",
      "name": "个人头像",
      "font_class": "gerentouxiang",
      "unicode": "eb24",
      "unicode_decimal": 60196
    },
    {
      "icon_id": "13953604",
      "name": "搜索",
      "font_class": "sousuo",
      "unicode": "e600",
      "unicode_decimal": 58880
    },
    {
      "icon_id": "609396",
      "name": "历史",
      "font_class": "lishihistory2",
      "unicode": "e6d9",
      "unicode_decimal": 59097
    },
    {
      "icon_id": "1002521",
      "name": "首页",
      "font_class": "shouye",
      "unicode": "e626",
      "unicode_decimal": 58918
    },
    {
      "icon_id": "1089769",
      "name": "购物车 ",
      "font_class": "gouwuche1",
      "unicode": "e65c",
      "unicode_decimal": 58972
    },
    {
      "icon_id": "1120975",
      "name": "人",
      "font_class": "ren111",
      "unicode": "e623",
      "unicode_decimal": 58915
    },
    {
      "icon_id": "1301354",
      "name": "扳手",
      "font_class": "banshou",
      "unicode": "e659",
      "unicode_decimal": 58969
    },
    {
      "icon_id": "2279512",
      "name": "箭头",
      "font_class": "jiantou-copy-copy",
      "unicode": "e633",
      "unicode_decimal": 58931
    },
    {
      "icon_id": "3866100",
      "name": "排行榜",
      "font_class": "paihangbang-",
      "unicode": "e607",
      "unicode_decimal": 58887
    },
    {
      "icon_id": "6027506",
      "name": "手机",
      "font_class": "shouji",
      "unicode": "e609",
      "unicode_decimal": 58889
    },
    {
      "icon_id": "7335513",
      "name": "手机",
      "font_class": "shouji1",
      "unicode": "eb2b",
      "unicode_decimal": 60203
    },
    {
      "icon_id": "8162893",
      "name": "耳机",
      "font_class": "erji",
      "unicode": "e62b",
      "unicode_decimal": 58923
    },
    {
      "icon_id": "8984704",
      "name": "vip",
      "font_class": "-vip",
      "unicode": "e608",
      "unicode_decimal": 58888
    },
    {
      "icon_id": "10232750",
      "name": "分类",
      "font_class": "fenlei",
      "unicode": "e78a",
      "unicode_decimal": 59274
    },
    {
      "icon_id": "12660046",
      "name": "放大镜",
      "font_class": "fangdajing",
      "unicode": "e662",
      "unicode_decimal": 58978
    },
    {
      "icon_id": "100755",
      "name": "付款码",
      "font_class": "fukuanma",
      "unicode": "e639",
      "unicode_decimal": 58937
    },
    {
      "icon_id": "101525",
      "name": "财富A",
      "font_class": "caifua",
      "unicode": "e668",
      "unicode_decimal": 58984
    },
    {
      "icon_id": "1214984",
      "name": "余额宝",
      "font_class": "yuebao",
      "unicode": "e624",
      "unicode_decimal": 58916
    },
    {
      "icon_id": "5187404",
      "name": "时钟",
      "font_class": "shizhong",
      "unicode": "e60d",
      "unicode_decimal": 58893
    },
    {
      "icon_id": "7552379",
      "name": "新品发布",
      "font_class": "RectangleCopy",
      "unicode": "e6cc",
      "unicode_decimal": 59084
    },
    {
      "icon_id": "8781535",
      "name": "扫一扫",
      "font_class": "dibudaohanglan-",
      "unicode": "e629",
      "unicode_decimal": 58921
    }
  ]
}
